[{"model": "auth.permission", "pk": 1, "fields": {"name": "Can add log entry", "content_type": 1, "codename": "add_logentry"}}, {"model": "auth.permission", "pk": 2, "fields": {"name": "Can change log entry", "content_type": 1, "codename": "change_logentry"}}, {"model": "auth.permission", "pk": 3, "fields": {"name": "Can delete log entry", "content_type": 1, "codename": "delete_logentry"}}, {"model": "auth.permission", "pk": 4, "fields": {"name": "Can view log entry", "content_type": 1, "codename": "view_logentry"}}, {"model": "auth.permission", "pk": 5, "fields": {"name": "Can add permission", "content_type": 2, "codename": "add_permission"}}, {"model": "auth.permission", "pk": 6, "fields": {"name": "Can change permission", "content_type": 2, "codename": "change_permission"}}, {"model": "auth.permission", "pk": 7, "fields": {"name": "Can delete permission", "content_type": 2, "codename": "delete_permission"}}, {"model": "auth.permission", "pk": 8, "fields": {"name": "Can view permission", "content_type": 2, "codename": "view_permission"}}, {"model": "auth.permission", "pk": 9, "fields": {"name": "Can add group", "content_type": 3, "codename": "add_group"}}, {"model": "auth.permission", "pk": 10, "fields": {"name": "Can change group", "content_type": 3, "codename": "change_group"}}, {"model": "auth.permission", "pk": 11, "fields": {"name": "Can delete group", "content_type": 3, "codename": "delete_group"}}, {"model": "auth.permission", "pk": 12, "fields": {"name": "Can view group", "content_type": 3, "codename": "view_group"}}, {"model": "auth.permission", "pk": 13, "fields": {"name": "Can add content type", "content_type": 4, "codename": "add_contenttype"}}, {"model": "auth.permission", "pk": 14, "fields": {"name": "Can change content type", "content_type": 4, "codename": "change_contenttype"}}, {"model": "auth.permission", "pk": 15, "fields": {"name": "Can delete content type", "content_type": 4, "codename": "delete_contenttype"}}, {"model": "auth.permission", "pk": 16, "fields": {"name": "Can view content type", "content_type": 4, "codename": "view_contenttype"}}, {"model": "auth.permission", "pk": 17, "fields": {"name": "Can add session", "content_type": 5, "codename": "add_session"}}, {"model": "auth.permission", "pk": 18, "fields": {"name": "Can change session", "content_type": 5, "codename": "change_session"}}, {"model": "auth.permission", "pk": 19, "fields": {"name": "Can delete session", "content_type": 5, "codename": "delete_session"}}, {"model": "auth.permission", "pk": 20, "fields": {"name": "Can view session", "content_type": 5, "codename": "view_session"}}, {"model": "auth.permission", "pk": 21, "fields": {"name": "Can add banner", "content_type": 6, "codename": "add_banner"}}, {"model": "auth.permission", "pk": 22, "fields": {"name": "Can change banner", "content_type": 6, "codename": "change_banner"}}, {"model": "auth.permission", "pk": 23, "fields": {"name": "Can delete banner", "content_type": 6, "codename": "delete_banner"}}, {"model": "auth.permission", "pk": 24, "fields": {"name": "Can view banner", "content_type": 6, "codename": "view_banner"}}, {"model": "auth.permission", "pk": 25, "fields": {"name": "Can add category", "content_type": 7, "codename": "add_category"}}, {"model": "auth.permission", "pk": 26, "fields": {"name": "Can change category", "content_type": 7, "codename": "change_category"}}, {"model": "auth.permission", "pk": 27, "fields": {"name": "Can delete category", "content_type": 7, "codename": "delete_category"}}, {"model": "auth.permission", "pk": 28, "fields": {"name": "Can view category", "content_type": 7, "codename": "view_category"}}, {"model": "auth.permission", "pk": 29, "fields": {"name": "Can add color", "content_type": 8, "codename": "add_color"}}, {"model": "auth.permission", "pk": 30, "fields": {"name": "Can change color", "content_type": 8, "codename": "change_color"}}, {"model": "auth.permission", "pk": 31, "fields": {"name": "Can delete color", "content_type": 8, "codename": "delete_color"}}, {"model": "auth.permission", "pk": 32, "fields": {"name": "Can view color", "content_type": 8, "codename": "view_color"}}, {"model": "auth.permission", "pk": 33, "fields": {"name": "Can add notice", "content_type": 9, "codename": "add_notice"}}, {"model": "auth.permission", "pk": 34, "fields": {"name": "Can change notice", "content_type": 9, "codename": "change_notice"}}, {"model": "auth.permission", "pk": 35, "fields": {"name": "Can delete notice", "content_type": 9, "codename": "delete_notice"}}, {"model": "auth.permission", "pk": 36, "fields": {"name": "Can view notice", "content_type": 9, "codename": "view_notice"}}, {"model": "auth.permission", "pk": 37, "fields": {"name": "Can add product name", "content_type": 10, "codename": "add_productname"}}, {"model": "auth.permission", "pk": 38, "fields": {"name": "Can change product name", "content_type": 10, "codename": "change_productname"}}, {"model": "auth.permission", "pk": 39, "fields": {"name": "Can delete product name", "content_type": 10, "codename": "delete_productname"}}, {"model": "auth.permission", "pk": 40, "fields": {"name": "Can view product name", "content_type": 10, "codename": "view_productname"}}, {"model": "auth.permission", "pk": 41, "fields": {"name": "Can add user", "content_type": 11, "codename": "add_zeuser"}}, {"model": "auth.permission", "pk": 42, "fields": {"name": "Can change user", "content_type": 11, "codename": "change_zeuser"}}, {"model": "auth.permission", "pk": 43, "fields": {"name": "Can delete user", "content_type": 11, "codename": "delete_zeuser"}}, {"model": "auth.permission", "pk": 44, "fields": {"name": "Can view user", "content_type": 11, "codename": "view_zeuser"}}, {"model": "auth.permission", "pk": 45, "fields": {"name": "Can add brand", "content_type": 12, "codename": "add_brand"}}, {"model": "auth.permission", "pk": 46, "fields": {"name": "Can change brand", "content_type": 12, "codename": "change_brand"}}, {"model": "auth.permission", "pk": 47, "fields": {"name": "Can delete brand", "content_type": 12, "codename": "delete_brand"}}, {"model": "auth.permission", "pk": 48, "fields": {"name": "Can view brand", "content_type": 12, "codename": "view_brand"}}, {"model": "auth.permission", "pk": 49, "fields": {"name": "Can add product", "content_type": 13, "codename": "add_product"}}, {"model": "auth.permission", "pk": 50, "fields": {"name": "Can change product", "content_type": 13, "codename": "change_product"}}, {"model": "auth.permission", "pk": 51, "fields": {"name": "Can delete product", "content_type": 13, "codename": "delete_product"}}, {"model": "auth.permission", "pk": 52, "fields": {"name": "Can view product", "content_type": 13, "codename": "view_product"}}, {"model": "auth.permission", "pk": 53, "fields": {"name": "Can add product details", "content_type": 14, "codename": "add_productdetails"}}, {"model": "auth.permission", "pk": 54, "fields": {"name": "Can change product details", "content_type": 14, "codename": "change_productdetails"}}, {"model": "auth.permission", "pk": 55, "fields": {"name": "Can delete product details", "content_type": 14, "codename": "delete_productdetails"}}, {"model": "auth.permission", "pk": 56, "fields": {"name": "Can view product details", "content_type": 14, "codename": "view_productdetails"}}, {"model": "auth.permission", "pk": 57, "fields": {"name": "Can add brand name", "content_type": 15, "codename": "add_brandname"}}, {"model": "auth.permission", "pk": 58, "fields": {"name": "Can change brand name", "content_type": 15, "codename": "change_brandname"}}, {"model": "auth.permission", "pk": 59, "fields": {"name": "Can delete brand name", "content_type": 15, "codename": "delete_brandname"}}, {"model": "auth.permission", "pk": 60, "fields": {"name": "Can view brand name", "content_type": 15, "codename": "view_brandname"}}, {"model": "auth.permission", "pk": 61, "fields": {"name": "Can add shipping address", "content_type": 16, "codename": "add_shippingaddress"}}, {"model": "auth.permission", "pk": 62, "fields": {"name": "Can change shipping address", "content_type": 16, "codename": "change_shippingaddress"}}, {"model": "auth.permission", "pk": 63, "fields": {"name": "Can delete shipping address", "content_type": 16, "codename": "delete_shippingaddress"}}, {"model": "auth.permission", "pk": 64, "fields": {"name": "Can view shipping address", "content_type": 16, "codename": "view_shippingaddress"}}, {"model": "auth.permission", "pk": 65, "fields": {"name": "Can add shop product", "content_type": 17, "codename": "add_shopproduct"}}, {"model": "auth.permission", "pk": 66, "fields": {"name": "Can change shop product", "content_type": 17, "codename": "change_shopproduct"}}, {"model": "auth.permission", "pk": 67, "fields": {"name": "Can delete shop product", "content_type": 17, "codename": "delete_shopproduct"}}, {"model": "auth.permission", "pk": 68, "fields": {"name": "Can view shop product", "content_type": 17, "codename": "view_shopproduct"}}, {"model": "auth.permission", "pk": 69, "fields": {"name": "Can add order", "content_type": 18, "codename": "add_order"}}, {"model": "auth.permission", "pk": 70, "fields": {"name": "Can change order", "content_type": 18, "codename": "change_order"}}, {"model": "auth.permission", "pk": 71, "fields": {"name": "Can delete order", "content_type": 18, "codename": "delete_order"}}, {"model": "auth.permission", "pk": 72, "fields": {"name": "Can view order", "content_type": 18, "codename": "view_order"}}, {"model": "auth.permission", "pk": 73, "fields": {"name": "Can add cart", "content_type": 19, "codename": "add_cart"}}, {"model": "auth.permission", "pk": 74, "fields": {"name": "Can change cart", "content_type": 19, "codename": "change_cart"}}, {"model": "auth.permission", "pk": 75, "fields": {"name": "Can delete cart", "content_type": 19, "codename": "delete_cart"}}, {"model": "auth.permission", "pk": 76, "fields": {"name": "Can view cart", "content_type": 19, "codename": "view_cart"}}, {"model": "auth.permission", "pk": 77, "fields": {"name": "Can add wishlist", "content_type": 20, "codename": "add_wishlist"}}, {"model": "auth.permission", "pk": 78, "fields": {"name": "Can change wishlist", "content_type": 20, "codename": "change_wishlist"}}, {"model": "auth.permission", "pk": 79, "fields": {"name": "Can delete wishlist", "content_type": 20, "codename": "delete_wishlist"}}, {"model": "auth.permission", "pk": 80, "fields": {"name": "Can view wishlist", "content_type": 20, "codename": "view_wishlist"}}, {"model": "auth.permission", "pk": 81, "fields": {"name": "Can add shop product image", "content_type": 21, "codename": "add_shopproductimage"}}, {"model": "auth.permission", "pk": 82, "fields": {"name": "Can change shop product image", "content_type": 21, "codename": "change_shopproductimage"}}, {"model": "auth.permission", "pk": 83, "fields": {"name": "Can delete shop product image", "content_type": 21, "codename": "delete_shopproductimage"}}, {"model": "auth.permission", "pk": 84, "fields": {"name": "Can view shop product image", "content_type": 21, "codename": "view_shopproductimage"}}, {"model": "auth.permission", "pk": 85, "fields": {"name": "Can add shop product description", "content_type": 22, "codename": "add_shopproductdescription"}}, {"model": "auth.permission", "pk": 86, "fields": {"name": "Can change shop product description", "content_type": 22, "codename": "change_shopproductdescription"}}, {"model": "auth.permission", "pk": 87, "fields": {"name": "Can delete shop product description", "content_type": 22, "codename": "delete_shopproductdescription"}}, {"model": "auth.permission", "pk": 88, "fields": {"name": "Can view shop product description", "content_type": 22, "codename": "view_shopproductdescription"}}, {"model": "contenttypes.contenttype", "pk": 1, "fields": {"app_label": "admin", "model": "logentry"}}, {"model": "contenttypes.contenttype", "pk": 2, "fields": {"app_label": "auth", "model": "permission"}}, {"model": "contenttypes.contenttype", "pk": 3, "fields": {"app_label": "auth", "model": "group"}}, {"model": "contenttypes.contenttype", "pk": 4, "fields": {"app_label": "contenttypes", "model": "contenttype"}}, {"model": "contenttypes.contenttype", "pk": 5, "fields": {"app_label": "sessions", "model": "session"}}, {"model": "contenttypes.contenttype", "pk": 6, "fields": {"app_label": "core", "model": "banner"}}, {"model": "contenttypes.contenttype", "pk": 7, "fields": {"app_label": "core", "model": "category"}}, {"model": "contenttypes.contenttype", "pk": 8, "fields": {"app_label": "core", "model": "color"}}, {"model": "contenttypes.contenttype", "pk": 9, "fields": {"app_label": "core", "model": "notice"}}, {"model": "contenttypes.contenttype", "pk": 10, "fields": {"app_label": "core", "model": "productname"}}, {"model": "contenttypes.contenttype", "pk": 11, "fields": {"app_label": "core", "model": "zeuser"}}, {"model": "contenttypes.contenttype", "pk": 12, "fields": {"app_label": "core", "model": "brand"}}, {"model": "contenttypes.contenttype", "pk": 13, "fields": {"app_label": "core", "model": "product"}}, {"model": "contenttypes.contenttype", "pk": 14, "fields": {"app_label": "core", "model": "productdetails"}}, {"model": "contenttypes.contenttype", "pk": 15, "fields": {"app_label": "core", "model": "brandname"}}, {"model": "contenttypes.contenttype", "pk": 16, "fields": {"app_label": "core", "model": "shippingaddress"}}, {"model": "contenttypes.contenttype", "pk": 17, "fields": {"app_label": "core", "model": "shopproduct"}}, {"model": "contenttypes.contenttype", "pk": 18, "fields": {"app_label": "core", "model": "order"}}, {"model": "contenttypes.contenttype", "pk": 19, "fields": {"app_label": "core", "model": "cart"}}, {"model": "contenttypes.contenttype", "pk": 20, "fields": {"app_label": "core", "model": "wishlist"}}, {"model": "contenttypes.contenttype", "pk": 21, "fields": {"app_label": "core", "model": "shopproductimage"}}, {"model": "contenttypes.contenttype", "pk": 22, "fields": {"app_label": "core", "model": "shopproductdescription"}}, {"model": "sessions.session", "pk": "q8hh24rm5kyx08qwonwx3zoytnyja8jz", "fields": {"session_data": ".eJxVjEsOwjAMBe-SNYoihyQuS_acIXJslxRQKvWzqrg7VOoCtm9m3mYyrUvN66xTHsRcDJjT71aIn9p2IA9q99Hy2JZpKHZX7EFnextFX9fD_TuoNNdvTYSIHNRzjBSFEHyPDoovASQkxkTiz53vQ9QOlHthRw4guoSgScz7A--gOAo:1vFtA6:YNkiDFgaPvI5pF7CP8F2ugUr5ONVEOfsv55bbAg3vLg", "expire_date": "2025-11-17T11:55:50.073Z"}}, {"model": "core.zeuser", "pk": 1, "fields": {"password": "pbkdf2_sha256$1000000$9YSTP2FLLj7wlb4Ehlsjtd$lyjKq+o7zOOjJEQHP7z13nZQcWDIryOgLDtpKimOTso=", "last_login": "2025-11-03T11:37:33.466Z", "is_superuser": true, "first_name": "", "last_name": "", "is_staff": true, "is_active": true, "date_joined": "2025-10-10T09:37:28.136Z", "username": "a", "email": "admin@gmail.com", "phone": "7580732657", "gender": "F", "groups": [], "user_permissions": []}}, {"model": "core.zeuser", "pk": 2, "fields": {"password": "pbkdf2_sha256$1000000$rX6bnC0Equd2r9cggmgyqU$joYEtXRhOf8UDEZKZeMvHbyQqawxZuRBxZniauw+iTk=", "last_login": "2025-11-03T11:55:50.070Z", "is_superuser": false, "first_name": "", "last_name": "", "is_staff": false, "is_active": true, "date_joined": "2025-10-30T05:10:45.458Z", "username": "soumya", "email": "soumya@gmail.com", "phone": "8765456790", "gender": "F", "groups": [], "user_permissions": []}}, {"model": "core.zeuser", "pk": 3, "fields": {"password": "pbkdf2_sha256$1000000$wL9QihR2tDuuGlCDXUqJ1V$5scjJDFABBQqA/6Fg/hKpyRjdcVz56i1IWduA5WE+h4=", "last_login": "2025-10-31T04:14:14.607Z", "is_superuser": false, "first_name": "", "last_name": "", "is_staff": false, "is_active": true, "date_joined": "2025-10-31T04:14:01.760Z", "username": "nehal", "email": "nehal@gmail.com", "phone": null, "gender": null, "groups": [], "user_permissions": []}}, {"model": "core.productname", "pk": 3, "fields": {"name": "laptop"}}, {"model": "core.productname", "pk": 5, "fields": {"name": "mobile"}}, {"model": "core.productname", "pk": 6, "fields": {"name": "smartwatch"}}, {"model": "core.productname", "pk": 8, "fields": {"name": "Computer Hardware"}}, {"model": "core.productname", "pk": 9, "fields": {"name": "LED/OLED TV"}}, {"model": "core.productname", "pk": 10, "fields": {"name": "Soundbar"}}, {"model": "core.productname", "pk": 11, "fields": {"name": "Speaker"}}, {"model": "core.productname", "pk": 12, "fields": {"name": "Projector"}}, {"model": "core.productname", "pk": 13, "fields": {"name": "Headphones"}}, {"model": "core.productname", "pk": 14, "fields": {"name": "Camera"}}, {"model": "core.productname", "pk": 16, "fields": {"name": "Gaming"}}, {"model": "core.productname", "pk": 17, "fields": {"name": "WiFi Router"}}, {"model": "core.productname", "pk": 18, "fields": {"name": "Smart Home Device"}}, {"model": "core.productname", "pk": 19, "fields": {"name": "AC"}}, {"model": "core.brandname", "pk": 3, "fields": {"product": 3, "name": "hp"}}, {"model": "core.brandname", "pk": 8, "fields": {"product": 3, "name": "dell"}}, {"model": "core.brandname", "pk": 9, "fields": {"product": 5, "name": "vivo"}}, {"model": "core.brandname", "pk": 10, "fields": {"product": 5, "name": "CMF"}}, {"model": "core.brandname", "pk": 11, "fields": {"product": 5, "name": "OPPO"}}, {"model": "core.brandname", "pk": 12, "fields": {"product": 5, "name": "Realme"}}, {"model": "core.brandname", "pk": 13, "fields": {"product": 5, "name": "samsung"}}, {"model": "core.brandname", "pk": 14, "fields": {"product": 5, "name": "poco"}}, {"model": "core.brandname", "pk": 15, "fields": {"product": 6, "name": "boat"}}, {"model": "core.brandname", "pk": 17, "fields": {"product": 8, "name": "San Disk"}}, {"model": "core.brandname", "pk": 18, "fields": {"product": 9, "name": "sonny"}}, {"model": "core.brandname", "pk": 19, "fields": {"product": 10, "name": "Boat"}}, {"model": "core.brandname", "pk": 20, "fields": {"product": 11, "name": "MiVi"}}, {"model": "core.brandname", "pk": 21, "fields": {"product": 12, "name": "AirMount"}}, {"model": "core.brandname", "pk": 22, "fields": {"product": 13, "name": "Airdops"}}, {"model": "core.brandname", "pk": 23, "fields": {"product": 14, "name": "Volt"}}, {"model": "core.brandname", "pk": 24, "fields": {"product": 16, "name": "Lenovo"}}, {"model": "core.brandname", "pk": 25, "fields": {"product": 17, "name": "Asus"}}, {"model": "core.brandname", "pk": 26, "fields": {"product": 18, "name": "AJM"}}, {"model": "core.brandname", "pk": 27, "fields": {"product": 19, "name": "Volt"}}, {"model": "core.shopproduct", "pk": 4, "fields": {"name": "MarQ by Flipkart 60 cm (24 inch) HD Ready LED TV (24HDNDQEETB)", "product": 3, "brand": 3, "price": 67499.0, "discount": 20.0, "quantity": 2, "colors": "Black", "image": "shop_products/laptop2_60PRcqV.jpg", "details": {"ram": "512 GB"}, "full_details": {}, "specifications": {}, "latest_launch": true, "best_deal": true, "show_in_shop": false, "is_home_similar": false, "section": "other"}}, {"model": "core.shopproduct", "pk": 18, "fields": {"name": "DELL Intel Core i3 13th Gen 1305U - (8 GB/512 GB SSD/Windows 11 Home) Vostro 3530,Vostro   (15.6 Inch, Titan Grey, 1.66 Kg, With MS Office)", "product": 3, "brand": 8, "price": 67950.0, "discount": 15.0, "quantity": 1, "colors": "Black,White", "image": "shop_products/laptop1.jpg", "details": {}, "full_details": {}, "specifications": {}, "latest_launch": true, "best_deal": false, "show_in_shop": true, "is_home_similar": false, "section": "other"}}, {"model": "core.shopproduct", "pk": 19, "fields": {"name": "smartWatch black", "product": 6, "brand": 15, "price": 1790.0, "discount": 5.0, "quantity": 1, "colors": "Black", "image": "shop_products/smartwatch_EFLdsjJ.png", "details": {}, "full_details": {}, "specifications": {}, "latest_launch": true, "best_deal": false, "show_in_shop": true, "is_home_similar": false, "section": "other"}}, {"model": "core.shopproduct", "pk": 20, "fields": {"name": "Samsung Galaxy Book4 Metal Intel Core i3 13th Gen 1315U", "product": 5, "brand": 13, "price": 56578.0, "discount": 10.0, "quantity": 1, "colors": "Gray", "image": "shop_products/mobile_oLXdka4.jpg", "details": {}, "full_details": {}, "specifications": {}, "latest_launch": false, "best_deal": false, "show_in_shop": true, "is_home_similar": true, "section": "other"}}, {"model": "core.shopproduct", "pk": 21, "fields": {"name": "cmf phone 1 black", "product": 5, "brand": 10, "price": 17999.0, "discount": 10.0, "quantity": 3, "colors": "Black", "image": "shop_products/CMF_Z9UNakx.jpg", "details": {}, "full_details": {}, "specifications": {}, "latest_launch": false, "best_deal": false, "show_in_shop": true, "is_home_similar": true, "section": "other"}}, {"model": "core.shopproduct", "pk": 22, "fields": {"name": "iFFALCON by TCL U65 138 cm", "product": 5, "brand": 11, "price": 53454.0, "discount": 0.0, "quantity": 1, "colors": "Black", "image": "shop_products/galaxymo_PUHH1b4.webp", "details": {}, "full_details": {}, "specifications": {}, "latest_launch": false, "best_deal": false, "show_in_shop": true, "is_home_similar": false, "section": "other"}}, {"model": "core.shopproduct", "pk": 23, "fields": {"name": "Samsung Galaxy Book4 Metal Intel Core i3 13th Gen 1315U", "product": 5, "brand": 12, "price": 45654.0, "discount": 10.0, "quantity": 0, "colors": "Black", "image": "shop_products/realmemo_UV0oMlc.avif", "details": {}, "full_details": {}, "specifications": {}, "latest_launch": false, "best_deal": false, "show_in_shop": true, "is_home_similar": true, "section": "other"}}, {"model": "core.shopproduct", "pk": 24, "fields": {"name": "Samsung Galaxy Book4 ", "product": 5, "brand": 10, "price": 45654.0, "discount": 0.0, "quantity": 1, "colors": "Yellow", "image": "shop_products/moto_hQUecKM.jpg", "details": {}, "full_details": {}, "specifications": {}, "latest_launch": false, "best_deal": false, "show_in_shop": true, "is_home_similar": true, "section": "other"}}, {"model": "core.shopproduct", "pk": 25, "fields": {"name": "MarQ by Flipkart 60 cm (24 inch) HD Ready LED TV  (24HDNDQEETB)", "product": 3, "brand": 3, "price": 76599.0, "discount": 10.0, "quantity": 1, "colors": "Black,White", "image": "shop_products/laptop2_aHpFrZI.jpg", "details": {}, "full_details": {}, "specifications": {}, "latest_launch": false, "best_deal": false, "show_in_shop": true, "is_home_similar": true, "section": "other"}}, {"model": "core.shopproduct", "pk": 26, "fields": {"name": "Samsung Galaxy Book4 Metal Intel Core i3 13th Gen 1315U", "product": 5, "brand": 13, "price": 89599.0, "discount": 10.0, "quantity": 1, "colors": "Green", "image": "shop_products/mobile_ILhwdTj.jpg", "details": {}, "full_details": {}, "specifications": {}, "latest_launch": true, "best_deal": true, "show_in_shop": true, "is_home_similar": false, "section": "other"}}, {"model": "core.shopproduct", "pk": 27, "fields": {"name": "Infinix 80 cm (32 inch) HD Ready LED Smart Linux TV  (32Y1D/32Y1C/32Y1B)", "product": 3, "brand": 8, "price": 55950.0, "discount": 20.0, "quantity": 1, "colors": "Black,White,Gray", "image": "shop_products/laptop.png", "details": {}, "full_details": {}, "specifications": {}, "latest_launch": false, "best_deal": false, "show_in_shop": true, "is_home_similar": true, "section": "other"}}, {"model": "core.shopproduct", "pk": 28, "fields": {"name": "Infinix 80 cm (32 inch) HD Ready LED Smart Linux TV  (32Y1D/32Y1C/32Y1B)", "product": 3, "brand": 8, "price": 55899.0, "discount": 20.0, "quantity": 1, "colors": "", "image": "shop_products/laptop_3t6tUVD.png", "details": {}, "full_details": {}, "specifications": {}, "latest_launch": false, "best_deal": true, "show_in_shop": true, "is_home_similar": false, "section": "other"}}, {"model": "core.shopproduct", "pk": 29, "fields": {"name": "Silicone Strap Boys Analog Watch - For Men SL-01", "product": 6, "brand": 15, "price": 2250.0, "discount": 5.0, "quantity": 5, "colors": "Black", "image": "shop_products/watch.webp", "details": {}, "full_details": {"waranty": "1 year"}, "specifications": {}, "latest_launch": false, "best_deal": false, "show_in_shop": true, "is_home_similar": false, "section": "other"}}, {"model": "core.shopproduct", "pk": 30, "fields": {"name": "Silicone Strap Boys Analog Watch - For Men SL-01", "product": 6, "brand": 15, "price": 2250.0, "discount": 5.0, "quantity": 1, "colors": "Black", "image": "shop_products/watch_oKdQqdz.webp", "details": {}, "full_details": {}, "specifications": {}, "latest_launch": false, "best_deal": false, "show_in_shop": true, "is_home_similar": true, "section": "other"}}, {"model": "core.shopproduct", "pk": 32, "fields": {"name": "Portronics Key7 Combo Mouse Combo Set with 2.4Ghz, 1200 DPI Wireless Standard Laptop Keyboard Compatible with Desktop, Laptop, Mac Key7 Combo  (Black, Orange)", "product": 8, "brand": 17, "price": 2000.0, "discount": 20.0, "quantity": 2, "colors": "Black", "image": "shop_products/keyboard.webp", "details": {}, "full_details": {" Warranty ": " 1 Year Manufacturing Warranty", "Model Number": "Key7 Combo Mouse Combo Set with 2.4Ghz, 1200 DPI"}, "specifications": {}, "latest_launch": false, "best_deal": false, "show_in_shop": true, "is_home_similar": false, "section": "other"}}, {"model": "core.shopproduct", "pk": 34, "fields": {"name": "MarQ by Flipkart 109 cm (43 inch) Full HD LED Smart Coolita TV  (43FHDCDQEE1B)", "product": 9, "brand": 18, "price": 15000.0, "discount": 7.0, "quantity": 0, "colors": "Black,Gray", "image": "shop_products/tv2_3s9PMpq.jpg", "details": {}, "full_details": {"Display Size": "32 43 52", "Warranty": " 12 Months Warranty"}, "specifications": {}, "latest_launch": false, "best_deal": false, "show_in_shop": true, "is_home_similar": false, "section": "other"}}, {"model": "core.shopproduct", "pk": 35, "fields": {"name": "Mivi Fort H750 Soundbar, 750 Watts, Dolby Audio, 5.1 Channel, Multi-Input & EQ Modes 750 W Bluetooth Soundbar", "product": 10, "brand": 19, "price": 15000.0, "discount": 9.0, "quantity": 8998, "colors": "Black", "image": "shop_products/soundbar_qvBo0B7.png", "details": {}, "full_details": {"Power Output": "350W 550W", "Warranty": " 1 Year Warranty"}, "specifications": {}, "latest_launch": true, "best_deal": false, "show_in_shop": true, "is_home_similar": false, "section": "other"}}, {"model": "core.shopproduct", "pk": 36, "fields": {"name": "Mivi Fort H750 Soundbar, 750 Watts, Dolby Audio, 5.1 Channel, Multi-Input & EQ Modes 750 W Bluetooth Soundbar", "product": 10, "brand": 19, "price": 18000.0, "discount": 9.0, "quantity": 8999, "colors": "Blue", "image": "shop_products/soundbar_5XONK7w.png", "details": {}, "full_details": {"Power Output": "350W 550W", "Warranty": " 1 Year Warranty"}, "specifications": {}, "latest_launch": true, "best_deal": false, "show_in_shop": true, "is_home_similar": false, "section": "other"}}, {"model": "core.shopproduct", "pk": 37, "fields": {"name": "Mivi Fort H750 Soundbar, 750 Watts, Dolby Audio, 5.1 Channel, Multi-Input & EQ Modes 750 W Bluetooth Soundbar", "product": 10, "brand": 19, "price": 18000.0, "discount": 9.0, "quantity": 8999, "colors": "Black", "image": "shop_products/soundbar_lmbglMV.jpg", "details": {}, "full_details": {"Power Output": "350W 550W"}, "specifications": {}, "latest_launch": false, "best_deal": false, "show_in_shop": true, "is_home_similar": false, "section": "other"}}, {"model": "core.shopproduct", "pk": 38, "fields": {"name": "Mivi Fort H750 Soundbar, 750 Watts, Dolby Audio, 5.1 Channel, Multi-Input & EQ Modes 750 W Bluetooth Soundbar", "product": 10, "brand": 19, "price": 10000.0, "discount": 5.0, "quantity": 9, "colors": "Black", "image": "shop_products/soundbar_OgHH779.png", "details": {}, "full_details": {"Power Output": "350W 550W"}, "specifications": {}, "latest_launch": false, "best_deal": false, "show_in_shop": true, "is_home_similar": false, "section": "other"}}, {"model": "core.shopproduct", "pk": 39, "fields": {"name": "Mivi Fort H750 Soundbar, 750 Watts, Dolby Audio, 5.1 Channel, Multi-Input & EQ Modes 750 W Bluetooth Soundbar", "product": 10, "brand": 19, "price": 10000.0, "discount": 5.0, "quantity": 8, "colors": "Black", "image": "shop_products/soundbar_55nKv6W.jpg", "details": {}, "full_details": {"Power Output": "350W 550W"}, "specifications": {}, "latest_launch": false, "best_deal": false, "show_in_shop": true, "is_home_similar": false, "section": "other"}}, {"model": "core.shopproduct", "pk": 40, "fields": {"name": "PTron Funk Play / Fusion Tunes w/ Karaoke Mic, 10W Pristine Sound, 8Hrs Playtime 10 W Bluetooth Speaker  (Light Pink, Mono Channel)", "product": 11, "brand": 20, "price": 899.0, "discount": 3.0, "quantity": 3, "colors": "Black,Pink,Purple,Gray", "image": "shop_products/speaker_c8tgjLD.png", "details": {}, "full_details": {"waranty": "1 Year Warranty"}, "specifications": {}, "latest_launch": true, "best_deal": false, "show_in_shop": true, "is_home_similar": false, "section": "other"}}, {"model": "core.shopproduct", "pk": 41, "fields": {"name": "DELL Intel Core i3 13th Gen 1305U - (8 GB/512 GB SSD/Windows 11 Home) Vostro 3530,Vostro 3530 RPL Thin and Light Laptop ", "product": 3, "brand": 8, "price": 55899.0, "discount": 15.0, "quantity": 1, "colors": "Blue", "image": "shop_products/laptop3_jW0iNBx.jpg", "details": {}, "full_details": {"waranty": "2 Yeasr Warranty", "Warranty Service Type": " Onsite", "Screen Size": "15 inch 15.6 inch", "Covered in Warranty": "Manufacturing Defects", "Not Covered in Warranty": " Accidental Damage"}, "specifications": {}, "latest_launch": true, "best_deal": false, "show_in_shop": true, "is_home_similar": false, "section": "other"}}, {"model": "core.shopproduct", "pk": 42, "fields": {"name": "DELL Intel Core i3 13th Gen 1305U - (8 GB/512 GB SSD/Windows 11 Home) Vostro 3530,Vostro 3530 RPL Thin and Light Laptop ", "product": 3, "brand": 3, "price": 55899.0, "discount": 15.0, "quantity": 1, "colors": "Blue", "image": "shop_products/laptop.jpg", "details": {}, "full_details": {"waranty": "2 Yeasr Warranty"}, "specifications": {}, "latest_launch": false, "best_deal": false, "show_in_shop": true, "is_home_similar": false, "section": "other"}}, {"model": "core.shopproduct", "pk": 43, "fields": {"name": "Egate i9 Pro Max FHD 1080p (E03i31) (400 lm / 1 Speaker / Remote Controller) 4X Brighter", "product": 12, "brand": 21, "price": 7750.0, "discount": 10.0, "quantity": 5, "colors": "Black", "image": "shop_products/projector_RvlefUi.png", "details": {}, "full_details": {"Warranty": "2 Yeasr Warranty", "Model Name": "i9 Pro Max FHD 1080p (E03i31)"}, "specifications": {}, "latest_launch": true, "best_deal": false, "show_in_shop": true, "is_home_similar": false, "section": "other"}}, {"model": "core.shopproduct", "pk": 44, "fields": {"name": "TRIGGR Trinity 2 with Dual Pairing, ENC, Fast Charge, 50H Battery, Rubber Finish, v5.3 Bluetooth  (Jungle Green, On the Ear)", "product": 13, "brand": 22, "price": 2150.0, "discount": 13.0, "quantity": 1, "colors": "Black,Orange,Pink,Purple", "image": "shop_products/headphones_92A3OuB.png", "details": {}, "full_details": {"Brand": "TRIGGR", "Model ID": "Trinity 2", "Headphone Type": "On the Ear", "Inline Remote": " No", "Connectivity": " Bluetooth"}, "specifications": {}, "latest_launch": true, "best_deal": false, "show_in_shop": true, "is_home_similar": false, "section": "other"}}, {"model": "core.shopproduct", "pk": 45, "fields": {"name": "Uphaar by OMG 2025 Kid's Digital Camera & Mini Video Camcorder Sports and Action Camera  (Pink, 20 MP)", "product": 14, "brand": 23, "price": 29599.0, "discount": 15.0, "quantity": 4, "colors": "Black,White,Yellow,Orange,Pink,Purple", "image": "shop_products/camera_GM6TrYy.png", "details": {}, "full_details": {"Warranty": "N/A", "Service Type": "N/A", "Covered in Warranty": "N/A"}, "specifications": {}, "latest_launch": false, "best_deal": false, "show_in_shop": true, "is_home_similar": false, "section": "other"}}, {"model": "core.shopproduct", "pk": 46, "fields": {"name": "MSI Crosshair A16 HX AMD Ryzen 9 16 Core 8940HX - (16 GB/1 TB SSD/Windows 11 Home/8 GB Graphics/NVIDIA GeForce RTX 5060/240 Hz)", "product": 16, "brand": 24, "price": 75999.0, "discount": 25.0, "quantity": 5, "colors": "Black,Yellow", "image": "shop_products/gaming_p7iWyq4.png", "details": {}, "full_details": {" Warranty Summary": " 2 Year On-Site Warranty", "Warranty Service Type": " On-Site", "Covered in Warranty": " Manufacturing Defects"}, "specifications": {}, "latest_launch": false, "best_deal": false, "show_in_shop": true, "is_home_similar": false, "section": "other"}}, {"model": "core.shopproduct", "pk": 47, "fields": {"name": "TP-Link TL-WR820N Wireless Router 2.4 GHz 300 Mbps Wifi Speed Single Band External Antenna Ethernet (Cable Broadband)  (White)", "product": 17, "brand": 25, "price": 729.0, "discount": 5.0, "quantity": 5, "colors": "Black,White", "image": "shop_products/wi-fi_Router_0AGcvJe.png", "details": {}, "full_details": {" Warranty ": "3 Years Manufacturing Warranty", " Frequency": " 2.4 GHz", "Frequency Band": " Single Band"}, "specifications": {}, "latest_launch": false, "best_deal": false, "show_in_shop": true, "is_home_similar": false, "section": "other"}}, {"model": "core.shopproduct", "pk": 48, "fields": {"name": "AJM Astronaut Star Galaxy Projector Light 360 Degree Adjustable Head_702 Table Lamp", "product": 18, "brand": 26, "price": 950.0, "discount": 3.0, "quantity": 7, "colors": "Yellow,Orange", "image": "shop_products/LAMP.jpg", "details": {}, "full_details": {" Brand": "AJM", "Model Number": " Astronaut Galaxy Projector Lamp", "LED Color": " Multicolor", "Bulb Type": " LED", "Number of Bulbs": " 1", "Color Multicolor Wattage": "5 W"}, "specifications": {}, "latest_launch": false, "best_deal": false, "show_in_shop": true, "is_home_similar": false, "section": "other"}}, {"model": "core.shopproduct", "pk": 49, "fields": {"name": "MarQ by Flipkart 80 cm (32 inch) HD Ready LED TV  (32HDNDQEE1B)", "product": 9, "brand": 18, "price": 23550.0, "discount": 10.0, "quantity": 1, "colors": "Black,Brown,Gray", "image": "shop_products/tv_dfWwFEy.webp", "details": {}, "full_details": {}, "specifications": {}, "latest_launch": false, "best_deal": true, "show_in_shop": true, "is_home_similar": false, "section": "other"}}, {"model": "core.shopproduct", "pk": 50, "fields": {"name": "CMF phone 1", "product": 5, "brand": 10, "price": 17899.0, "discount": 7.0, "quantity": 5, "colors": "Black", "image": "shop_products/CMF_T8iaIYd.jpg", "details": {}, "full_details": {"ram": "8GB 6GB"}, "specifications": {}, "latest_launch": false, "best_deal": false, "show_in_shop": true, "is_home_similar": false, "section": "other"}}, {"model": "core.shopproduct", "pk": 51, "fields": {"name": "CMF phone 1", "product": 5, "brand": 10, "price": 17899.0, "discount": 7.0, "quantity": 4, "colors": "Black", "image": "shop_products/CMF_FJ9WrF8.jpg", "details": {}, "full_details": {"ram": "8GB 6GB"}, "specifications": {}, "latest_launch": false, "best_deal": false, "show_in_shop": true, "is_home_similar": false, "section": "other"}}, {"model": "core.shopproduct", "pk": 52, "fields": {"name": "realme P4 5G (Engine Blue, 128 GB) (6 GB RAM)", "product": 5, "brand": 12, "price": 24599.0, "discount": 30.0, "quantity": 4, "colors": "Blue,Black,Brown", "image": "shop_products/realmemo_Jblf5no.avif", "details": {}, "full_details": {"Ram": "8GB 6GB", "Waranty": "2 Years Warranty"}, "specifications": {}, "latest_launch": false, "best_deal": false, "show_in_shop": true, "is_home_similar": false, "section": "other"}}, {"model": "core.shopproduct", "pk": 53, "fields": {"name": "Samsung Galaxy Book4 Metal Intel Core i3 13th Gen 1315U", "product": 5, "brand": 13, "price": 55499.0, "discount": 10.0, "quantity": 4, "colors": "Green,Black,Purple,Brown", "image": "shop_products/mobile_tWtLc5C.jpg", "details": {}, "full_details": {"Ram": "8GB 6GB", "Waranty": "2 Years Warranty"}, "specifications": {}, "latest_launch": false, "best_deal": false, "show_in_shop": true, "is_home_similar": false, "section": "other"}}, {"model": "core.shopproduct", "pk": 55, "fields": {"name": "CMF phone 1(black, 6GB)", "product": 5, "brand": 10, "price": 17599.0, "discount": 10.0, "quantity": 3, "colors": "Black,Orange", "image": "shop_products/CMF_BeOwgnc.jpg", "details": {}, "full_details": {"Ram": "8GB 6GB", "Waranty": "2 Years Warranty"}, "specifications": {}, "latest_launch": false, "best_deal": false, "show_in_shop": true, "is_home_similar": false, "section": "other"}}, {"model": "core.shopproduct", "pk": 57, "fields": {"name": "CMF phone 1", "product": 5, "brand": 10, "price": 15789.0, "discount": 10.0, "quantity": 5, "colors": "Black,Orange", "image": "shop_products/CMF_cFE4kpi.jpg", "details": {}, "full_details": {"Ram": "8GB 6GB", "Waranty": "2 Years Warranty"}, "specifications": {"Smartphone": "yes", "SIM Size": " Nano Sim", "User Interface": " ColorOS 15.0 (Based on Android 15)", "Graphics PP": "391 PPI", "Other Features": "eMMC5.1 ROM, RAM Expansion Upto 6 GB, Support IP69 Water Resistance, Vibration Motor: Rotor Motor, Dual Microphone, Bluetooth Audio Specifications: SBC, AAC, Aptx, Aptx-HD, LDAC, LHDC, BLE Audio"}, "latest_launch": false, "best_deal": false, "show_in_shop": true, "is_home_similar": false, "section": "other"}}, {"model": "core.shopproduct", "pk": 63, "fields": {"name": "Samsung Galaxy Book4 Metal Intel Core i3 13th Gen 1315U", "product": 5, "brand": 13, "price": 67599.0, "discount": 15.0, "quantity": 10, "colors": "Black,Gray,Cyan", "image": "shop_products/oopo_kXCEbYw.webp", "details": {}, "full_details": {"Ram": "8GB 6GB", "Waranty": "2 Years Warranty"}, "specifications": {"Smartphone": "yes", "SIM Size": " Nano Sim", "User Interface": " ColorOS 15.0 (Based on Android 15)"}, "latest_launch": false, "best_deal": false, "show_in_shop": true, "is_home_similar": false, "section": "other"}}, {"model": "core.shopproduct", "pk": 64, "fields": {"name": "Samsung Galaxy Book4 Metal Intel Core i3 13th Gen 1315U", "product": 5, "brand": 13, "price": 67599.0, "discount": 15.0, "quantity": 9, "colors": "Black,Gray,Cyan", "image": "shop_products/oopo_FEMdGQj.webp", "details": {}, "full_details": {"Ram": "8GB 6GB", "Waranty": "2 Years Warranty"}, "specifications": {"Smartphone": "yes", "SIM Size": " Nano Sim", "User Interface": " ColorOS 15.0 (Based on Android 15)"}, "latest_launch": false, "best_deal": false, "show_in_shop": true, "is_home_similar": false, "section": "other"}}, {"model": "core.shopproduct", "pk": 65, "fields": {"name": "Samsung Galaxy Book4 Metal Intel Core i3 13th Gen 1315U", "product": 5, "brand": 13, "price": 67599.0, "discount": 15.0, "quantity": 10, "colors": "Red,Blue,Green,Gray,Cyan", "image": "shop_products/oopo_a02z5a9.webp", "details": {}, "full_details": {"Ram": "8GB 6GB", "Waranty": "2 Years Warranty"}, "specifications": {"Smartphone": "yes", "SIM Size": " Nano Sim", "User Interface": " ColorOS 15.0 (Based on Android 15)"}, "latest_launch": false, "best_deal": false, "show_in_shop": true, "is_home_similar": false, "section": "other"}}, {"model": "core.shopproduct", "pk": 66, "fields": {"name": "ac ", "product": 19, "brand": 27, "price": 55000.0, "discount": 25.0, "quantity": 1, "colors": "White", "image": "shop_products/ac.jpg", "details": {}, "full_details": {" Warranty ": "5 Years"}, "specifications": {}, "latest_launch": false, "best_deal": false, "show_in_shop": true, "is_home_similar": false, "section": "other"}}, {"model": "core.shopproductdescription", "pk": 1, "fields": {"shop_product": 64, "title": "6000 mAh Battery/45 W Charge", "text": "Never worry about battery life again! With a 6000 mAh battery and 45 W charging, this phone powers up in no time, keeping you connected and ready to go whenever you need it.", "image": "shop_product/descriptions/realmemo_kewK7ct.avif"}}, {"model": "core.shopproductdescription", "pk": 2, "fields": {"shop_product": 65, "title": "6000 mAh Battery/45 W Charge", "text": "Never worry about battery life again! With a 6000 mAh battery and 45 W charging, this phone powers up in no time, keeping you connected and ready to go whenever you need it.", "image": "shop_product/descriptions/moto.jpg"}}, {"model": "core.shopproductdescription", "pk": 3, "fields": {"shop_product": 65, "title": "IP69 Dust and Water Resistance", "text": "With IP69 dust and water resistance, your phone is ready for anything! No more worrying about dust, spills, or rain—your device stays protected even in tough conditions. Built to last, it keeps you connected without the stress of damage. Stay worry-free and focus on what matters!", "image": "shop_product/descriptions/oopo_XT1wNzw.webp"}}, {"model": "core.category", "pk": 1, "fields": {"name": "Mobile"}}, {"model": "core.category", "pk": 2, "fields": {"name": "LED/OLED TV"}}, {"model": "core.category", "pk": 3, "fields": {"name": "Computer Hardware"}}, {"model": "core.category", "pk": 4, "fields": {"name": "Soundbar"}}, {"model": "core.category", "pk": 5, "fields": {"name": "Speaker"}}, {"model": "core.category", "pk": 6, "fields": {"name": "Laptop"}}, {"model": "core.category", "pk": 7, "fields": {"name": "Projector"}}, {"model": "core.category", "pk": 8, "fields": {"name": "Headphones"}}, {"model": "core.category", "pk": 9, "fields": {"name": "Camera"}}, {"model": "core.category", "pk": 10, "fields": {"name": "Smartwatch"}}, {"model": "core.category", "pk": 11, "fields": {"name": "Gaming"}}, {"model": "core.category", "pk": 12, "fields": {"name": "WiFi Router"}}, {"model": "core.category", "pk": 13, "fields": {"name": "Smart Home Device"}}, {"model": "core.wishlist", "pk": 6, "fields": {"user": 1, "product": 20}}, {"model": "core.wishlist", "pk": 8, "fields": {"user": 1, "product": 24}}, {"model": "core.wishlist", "pk": 9, "fields": {"user": 1, "product": 43}}, {"model": "core.wishlist", "pk": 10, "fields": {"user": 1, "product": 44}}, {"model": "core.wishlist", "pk": 11, "fields": {"user": 2, "product": 18}}, {"model": "core.wishlist", "pk": 12, "fields": {"user": 2, "product": 36}}, {"model": "core.wishlist", "pk": 13, "fields": {"user": 2, "product": 26}}, {"model": "core.wishlist", "pk": 14, "fields": {"user": 2, "product": 27}}, {"model": "core.wishlist", "pk": 15, "fields": {"user": 2, "product": 66}}, {"model": "core.wishlist", "pk": 16, "fields": {"user": 2, "product": 48}}, {"model": "core.wishlist", "pk": 17, "fields": {"user": 2, "product": 65}}, {"model": "core.wishlist", "pk": 18, "fields": {"user": 2, "product": 30}}, {"model": "core.cart", "pk": 26, "fields": {"user": 1, "product": 18, "quantity": 1, "selected_color": "", "added_at": "2025-10-15T09:53:12.381Z"}}, {"model": "core.cart", "pk": 27, "fields": {"user": 1, "product": 19, "quantity": 1, "selected_color": "", "added_at": "2025-10-15T09:53:15.702Z"}}, {"model": "core.cart", "pk": 28, "fields": {"user": 1, "product": 43, "quantity": 1, "selected_color": "", "added_at": "2025-10-15T09:53:18.284Z"}}, {"model": "core.cart", "pk": 29, "fields": {"user": 1, "product": 44, "quantity": 1, "selected_color": "", "added_at": "2025-10-15T09:53:20.669Z"}}, {"model": "core.cart", "pk": 30, "fields": {"user": 1, "product": 35, "quantity": 1, "selected_color": "", "added_at": "2025-10-15T09:53:24.220Z"}}, {"model": "core.cart", "pk": 46, "fields": {"user": 2, "product": 18, "quantity": 1, "selected_color": "", "added_at": "2025-10-30T11:13:14.896Z"}}, {"model": "core.cart", "pk": 48, "fields": {"user": 2, "product": 35, "quantity": 3, "selected_color": "", "added_at": "2025-10-30T11:13:23.144Z"}}, {"model": "core.cart", "pk": 49, "fields": {"user": 2, "product": 44, "quantity": 1, "selected_color": "", "added_at": "2025-10-30T11:13:26.975Z"}}, {"model": "core.cart", "pk": 50, "fields": {"user": 2, "product": 28, "quantity": 3, "selected_color": "", "added_at": "2025-10-31T04:29:38.038Z"}}, {"model": "core.cart", "pk": 52, "fields": {"user": 2, "product": 32, "quantity": 1, "selected_color": "", "added_at": "2025-10-31T04:30:19.334Z"}}, {"model": "core.cart", "pk": 54, "fields": {"user": 2, "product": 48, "quantity": 1, "selected_color": "", "added_at": "2025-10-31T04:41:36.008Z"}}, {"model": "core.cart", "pk": 55, "fields": {"user": 2, "product": 66, "quantity": 1, "selected_color": "", "added_at": "2025-10-31T04:46:47.520Z"}}, {"model": "core.cart", "pk": 56, "fields": {"user": 2, "product": 45, "quantity": 1, "selected_color": "", "added_at": "2025-10-31T04:46:57.028Z"}}, {"model": "core.cart", "pk": 57, "fields": {"user": 2, "product": 43, "quantity": 1, "selected_color": "", "added_at": "2025-10-31T04:58:48.059Z"}}, {"model": "core.cart", "pk": 58, "fields": {"user": 2, "product": 55, "quantity": 1, "selected_color": "", "added_at": "2025-10-31T04:58:55.122Z"}}, {"model": "core.cart", "pk": 59, "fields": {"user": 2, "product": 19, "quantity": 1, "selected_color": "", "added_at": "2025-10-31T04:59:00.514Z"}}, {"model": "core.cart", "pk": 64, "fields": {"user": 2, "product": 21, "quantity": 1, "selected_color": null, "added_at": "2025-11-03T06:21:13.664Z"}}, {"model": "core.cart", "pk": 65, "fields": {"user": 2, "product": 65, "quantity": 2, "selected_color": "", "added_at": "2025-11-03T06:48:04.936Z"}}, {"model": "core.banner", "pk": 1, "fields": {"title": "", "image": "banners/banner3_E4LjrMU.jpg", "created_at": "2025-10-11T04:13:29.061Z"}}, {"model": "core.banner", "pk": 2, "fields": {"title": "", "image": "banners/banner4_00DSY29.jpg", "created_at": "2025-10-11T04:13:32.858Z"}}, {"model": "core.banner", "pk": 3, "fields": {"title": "", "image": "banners/banner2_kI4sY2O.webp", "created_at": "2025-10-11T04:13:37.780Z"}}, {"model": "core.banner", "pk": 4, "fields": {"title": "", "image": "banners/abc_IFi5ETq.webp", "created_at": "2025-10-11T04:13:40.903Z"}}, {"model": "core.banner", "pk": 5, "fields": {"title": "", "image": "banners/banner5_JM8A6nq.jpg", "created_at": "2025-10-11T04:13:44.041Z"}}, {"model": "core.notice", "pk": 2, "fields": {"title": "", "message": "", "image": "notices/banner6.jpg", "created_at": "2025-10-11T09:32:17.364Z"}}, {"model": "core.shippingaddress", "pk": 3, "fields": {"user": 1, "name": "Nisha yadav", "mobile": "6754356789", "alt_mobile": "06754356789", "pincode": "847226", "locality": "Rajiv nagar road no 9B PATNA", "address": "B211,sri krishna puri, patna", "city": "Patna", "state": "Bihar", "is_delivery": true}}, {"model": "core.shippingaddress", "pk": 4, "fields": {"user": 1, "name": "nisha", "mobile": "6754356789", "alt_mobile": "07250721689", "pincode": "847226", "locality": "Nalanda business college, near by santusthi sweets", "address": "B211,sri krishna puri, patna", "city": "madhubani", "state": "Bihar", "is_delivery": false}}, {"model": "core.shippingaddress", "pk": 5, "fields": {"user": 2, "name": "nisha", "mobile": "06754356789", "alt_mobile": "", "pincode": "847226", "locality": "Nalanda business college, near by santusthi sweets", "address": "B211,sri krishna puri, patna", "city": "madhubani", "state": "Bihar", "is_delivery": true}}, {"model": "core.order", "pk": 7, "fields": {"user": 1, "product": 4, "shipping_address": 4, "quantity": 1, "total_price": 53999.2, "payment_method": "cod", "color": "Black", "status": "Return Requested", "ordered_at": "2025-10-14T10:53:33.154Z", "order_confirmed": true, "shipped": true, "out_for_delivery": true, "delivered_date": "2025-10-15", "rating": null, "shipped_at": "2025-10-15T04:22:23.584Z", "out_for_delivery_at": "2025-10-15T04:22:23.584Z", "return_requested": true, "return_reason": null, "return_comment": null, "return_status": "accepted", "return_expected_date": null, "stock_reduced": false}}, {"model": "core.order", "pk": 8, "fields": {"user": 1, "product": 29, "shipping_address": 4, "quantity": 1, "total_price": 2137.5, "payment_method": "cod", "color": "Black", "status": "Pending", "ordered_at": "2025-10-15T05:49:54.347Z", "order_confirmed": true, "shipped": true, "out_for_delivery": true, "delivered_date": "2025-10-15", "rating": null, "shipped_at": "2025-10-15T05:50:25.457Z", "out_for_delivery_at": "2025-10-15T05:50:25.457Z", "return_requested": true, "return_reason": null, "return_comment": null, "return_status": "pending", "return_expected_date": null, "stock_reduced": false}}, {"model": "core.order", "pk": 9, "fields": {"user": 1, "product": 27, "shipping_address": 4, "quantity": 1, "total_price": 44760.0, "payment_method": "cod", "color": "Gray", "status": "Pending", "ordered_at": "2025-10-15T05:51:47.598Z", "order_confirmed": true, "shipped": true, "out_for_delivery": true, "delivered_date": "2025-10-15", "rating": null, "shipped_at": "2025-10-15T05:52:07.732Z", "out_for_delivery_at": "2025-10-15T05:52:07.732Z", "return_requested": true, "return_reason": "Product damaged", "return_comment": "", "return_status": "pending", "return_expected_date": null, "stock_reduced": false}}, {"model": "core.order", "pk": 10, "fields": {"user": 1, "product": 26, "shipping_address": 4, "quantity": 1, "total_price": 80639.1, "payment_method": "cod", "color": "Green", "status": "Pending", "ordered_at": "2025-10-15T06:04:45.461Z", "order_confirmed": true, "shipped": true, "out_for_delivery": true, "delivered_date": "2025-10-15", "rating": null, "shipped_at": "2025-10-15T06:05:05.138Z", "out_for_delivery_at": "2025-10-15T06:05:05.138Z", "return_requested": true, "return_reason": "Product damaged", "return_comment": "Product damaged", "return_status": "pending", "return_expected_date": null, "stock_reduced": false}}, {"model": "core.order", "pk": 11, "fields": {"user": 1, "product": 49, "shipping_address": 4, "quantity": 1, "total_price": 21195.0, "payment_method": "cod", "color": "Brown", "status": "Pending", "ordered_at": "2025-10-15T06:08:36.092Z", "order_confirmed": true, "shipped": true, "out_for_delivery": true, "delivered_date": "2025-10-22", "rating": null, "shipped_at": "2025-10-15T06:08:53.823Z", "out_for_delivery_at": "2025-10-15T06:08:53.823Z", "return_requested": true, "return_reason": "Product damaged", "return_comment": "", "return_status": "accepted", "return_expected_date": null, "stock_reduced": false}}, {"model": "core.order", "pk": 12, "fields": {"user": 1, "product": 36, "shipping_address": 4, "quantity": 1, "total_price": 16380.0, "payment_method": "cod", "color": "Blue", "status": "Pending", "ordered_at": "2025-10-15T06:12:33.703Z", "order_confirmed": true, "shipped": true, "out_for_delivery": true, "delivered_date": "2025-10-15", "rating": null, "shipped_at": "2025-10-15T06:12:51.850Z", "out_for_delivery_at": "2025-10-15T06:12:51.850Z", "return_requested": true, "return_reason": "Product damaged", "return_comment": "Product damaged", "return_status": "pending", "return_expected_date": null, "stock_reduced": false}}, {"model": "core.order", "pk": 13, "fields": {"user": 1, "product": 24, "shipping_address": 4, "quantity": 1, "total_price": 45654.0, "payment_method": "cod", "color": "Yellow", "status": "Pending", "ordered_at": "2025-10-15T06:16:42.860Z", "order_confirmed": true, "shipped": true, "out_for_delivery": true, "delivered_date": "2025-10-15", "rating": null, "shipped_at": "2025-10-15T06:17:11.365Z", "out_for_delivery_at": "2025-10-15T06:17:11.365Z", "return_requested": true, "return_reason": "Product damaged", "return_comment": "Product damaged", "return_status": "pending", "return_expected_date": null, "stock_reduced": false}}, {"model": "core.order", "pk": 14, "fields": {"user": 1, "product": 40, "shipping_address": 4, "quantity": 1, "total_price": 872.03, "payment_method": "cod", "color": "Pink", "status": "Pending", "ordered_at": "2025-10-15T06:20:18.033Z", "order_confirmed": true, "shipped": true, "out_for_delivery": true, "delivered_date": "2025-10-15", "rating": null, "shipped_at": "2025-10-15T06:20:36.716Z", "out_for_delivery_at": "2025-10-15T06:20:36.716Z", "return_requested": true, "return_reason": "Product damaged", "return_comment": "Product damaged", "return_status": "pending", "return_expected_date": null, "stock_reduced": false}}, {"model": "core.order", "pk": 15, "fields": {"user": 1, "product": 18, "shipping_address": 4, "quantity": 1, "total_price": 57757.5, "payment_method": "cod", "color": "Black", "status": "Pending", "ordered_at": "2025-10-15T06:31:47.850Z", "order_confirmed": true, "shipped": true, "out_for_delivery": true, "delivered_date": "2025-10-15", "rating": null, "shipped_at": "2025-10-15T06:34:26.935Z", "out_for_delivery_at": "2025-10-15T06:34:26.935Z", "return_requested": true, "return_reason": "Product damaged", "return_comment": "", "return_status": "pending", "return_expected_date": null, "stock_reduced": false}}, {"model": "core.order", "pk": 16, "fields": {"user": 1, "product": 48, "shipping_address": 4, "quantity": 1, "total_price": 921.5, "payment_method": "cod", "color": "Yellow", "status": "Pending", "ordered_at": "2025-10-15T06:46:28.946Z", "order_confirmed": true, "shipped": true, "out_for_delivery": true, "delivered_date": "2025-10-15", "rating": null, "shipped_at": "2025-10-15T06:46:44.777Z", "out_for_delivery_at": "2025-10-15T06:46:44.777Z", "return_requested": true, "return_reason": "Product damaged", "return_comment": "Product Damaged", "return_status": "accepted", "return_expected_date": null, "stock_reduced": false}}, {"model": "core.order", "pk": 17, "fields": {"user": 1, "product": 32, "shipping_address": 4, "quantity": 1, "total_price": 1600.0, "payment_method": "cod", "color": "Black", "status": "Pending", "ordered_at": "2025-10-15T06:53:11.116Z", "order_confirmed": true, "shipped": true, "out_for_delivery": true, "delivered_date": "2025-10-15", "rating": null, "shipped_at": "2025-10-15T06:53:30.386Z", "out_for_delivery_at": "2025-10-15T06:53:30.386Z", "return_requested": true, "return_reason": "Product damaged", "return_comment": "Product damaged", "return_status": "accepted", "return_expected_date": null, "stock_reduced": false}}, {"model": "core.order", "pk": 18, "fields": {"user": 1, "product": 22, "shipping_address": 4, "quantity": 1, "total_price": 53454.0, "payment_method": "cod", "color": "Black", "status": "Pending", "ordered_at": "2025-10-15T06:59:33.985Z", "order_confirmed": true, "shipped": true, "out_for_delivery": true, "delivered_date": "2025-10-15", "rating": null, "shipped_at": "2025-10-15T06:59:49.367Z", "out_for_delivery_at": "2025-10-15T06:59:49.367Z", "return_requested": true, "return_reason": "Product damaged", "return_comment": " Product damaged", "return_status": "rejected", "return_expected_date": null, "stock_reduced": false}}, {"model": "core.order", "pk": 19, "fields": {"user": 1, "product": 34, "shipping_address": 4, "quantity": 1, "total_price": 13950.0, "payment_method": "cod", "color": "Black", "status": "Pending", "ordered_at": "2025-10-15T07:01:23.148Z", "order_confirmed": true, "shipped": true, "out_for_delivery": true, "delivered_date": "2025-10-15", "rating": null, "shipped_at": "2025-10-15T07:01:38.039Z", "out_for_delivery_at": "2025-10-15T07:01:38.040Z", "return_requested": true, "return_reason": "Product damaged", "return_comment": "Product damaged", "return_status": "accepted", "return_expected_date": null, "stock_reduced": true}}, {"model": "core.order", "pk": 20, "fields": {"user": 1, "product": 35, "shipping_address": 4, "quantity": 1, "total_price": 13650.0, "payment_method": "cod", "color": "Black", "status": "Pending", "ordered_at": "2025-10-15T07:06:02.754Z", "order_confirmed": true, "shipped": true, "out_for_delivery": true, "delivered_date": "2025-10-15", "rating": 3.0, "shipped_at": "2025-10-15T07:06:16.735Z", "out_for_delivery_at": "2025-10-15T07:06:16.735Z", "return_requested": true, "return_reason": "Product damaged", "return_comment": "Product damaged", "return_status": "accepted", "return_expected_date": "2025-10-19", "stock_reduced": true}}, {"model": "core.order", "pk": 21, "fields": {"user": 1, "product": 21, "shipping_address": 4, "quantity": 1, "total_price": 16199.1, "payment_method": "cod", "color": "Black", "status": "Pending", "ordered_at": "2025-10-15T07:28:58.708Z", "order_confirmed": true, "shipped": true, "out_for_delivery": true, "delivered_date": "2025-10-15", "rating": 3.0, "shipped_at": "2025-10-15T07:29:20.161Z", "out_for_delivery_at": "2025-10-15T07:29:20.161Z", "return_requested": false, "return_reason": null, "return_comment": null, "return_status": "pending", "return_expected_date": null, "stock_reduced": true}}, {"model": "core.order", "pk": 22, "fields": {"user": 1, "product": 52, "shipping_address": 4, "quantity": 1, "total_price": 17219.3, "payment_method": "cod", "color": "Blue", "status": "Pending", "ordered_at": "2025-10-16T04:53:42.010Z", "order_confirmed": false, "shipped": false, "out_for_delivery": false, "delivered_date": null, "rating": null, "shipped_at": null, "out_for_delivery_at": null, "return_requested": false, "return_reason": null, "return_comment": null, "return_status": "pending", "return_expected_date": null, "stock_reduced": false}}, {"model": "core.order", "pk": 23, "fields": {"user": 1, "product": 52, "shipping_address": 4, "quantity": 1, "total_price": 17219.3, "payment_method": "cod", "color": "Black", "status": "Pending", "ordered_at": "2025-10-16T05:05:28.625Z", "order_confirmed": true, "shipped": false, "out_for_delivery": false, "delivered_date": null, "rating": null, "shipped_at": null, "out_for_delivery_at": null, "return_requested": false, "return_reason": null, "return_comment": null, "return_status": "pending", "return_expected_date": null, "stock_reduced": true}}, {"model": "core.order", "pk": 24, "fields": {"user": 1, "product": 51, "shipping_address": 4, "quantity": 1, "total_price": 16646.07, "payment_method": "cod", "color": "Black", "status": "Pending", "ordered_at": "2025-10-16T05:06:06.582Z", "order_confirmed": true, "shipped": false, "out_for_delivery": false, "delivered_date": null, "rating": null, "shipped_at": null, "out_for_delivery_at": null, "return_requested": false, "return_reason": null, "return_comment": null, "return_status": "pending", "return_expected_date": null, "stock_reduced": true}}, {"model": "core.order", "pk": 25, "fields": {"user": 1, "product": 51, "shipping_address": 4, "quantity": 1, "total_price": 16646.07, "payment_method": "cod", "color": "Black", "status": "Pending", "ordered_at": "2025-10-16T05:09:12.968Z", "order_confirmed": true, "shipped": false, "out_for_delivery": false, "delivered_date": null, "rating": null, "shipped_at": null, "out_for_delivery_at": null, "return_requested": false, "return_reason": null, "return_comment": null, "return_status": "pending", "return_expected_date": null, "stock_reduced": false}}, {"model": "core.order", "pk": 26, "fields": {"user": 1, "product": 53, "shipping_address": 4, "quantity": 1, "total_price": 49949.1, "payment_method": "cod", "color": "Brown", "status": "Pending", "ordered_at": "2025-10-16T05:11:57.521Z", "order_confirmed": true, "shipped": false, "out_for_delivery": false, "delivered_date": null, "rating": null, "shipped_at": null, "out_for_delivery_at": null, "return_requested": false, "return_reason": null, "return_comment": null, "return_status": "pending", "return_expected_date": null, "stock_reduced": true}}, {"model": "core.order", "pk": 27, "fields": {"user": 1, "product": 53, "shipping_address": 4, "quantity": 1, "total_price": 49949.1, "payment_method": "cod", "color": "Green", "status": "Pending", "ordered_at": "2025-10-16T05:15:49.240Z", "order_confirmed": true, "shipped": false, "out_for_delivery": false, "delivered_date": null, "rating": null, "shipped_at": null, "out_for_delivery_at": null, "return_requested": false, "return_reason": null, "return_comment": null, "return_status": "pending", "return_expected_date": null, "stock_reduced": true}}, {"model": "core.order", "pk": 28, "fields": {"user": 1, "product": 53, "shipping_address": 4, "quantity": 1, "total_price": 49949.1, "payment_method": "cod", "color": "Black", "status": "Pending", "ordered_at": "2025-10-16T05:17:04.322Z", "order_confirmed": true, "shipped": false, "out_for_delivery": false, "delivered_date": null, "rating": null, "shipped_at": null, "out_for_delivery_at": null, "return_requested": false, "return_reason": null, "return_comment": null, "return_status": "pending", "return_expected_date": null, "stock_reduced": true}}, {"model": "core.order", "pk": 32, "fields": {"user": 1, "product": 55, "shipping_address": 4, "quantity": 1, "total_price": 15839.1, "payment_method": "cod", "color": "Orange", "status": "Pending", "ordered_at": "2025-10-16T05:31:59.206Z", "order_confirmed": true, "shipped": false, "out_for_delivery": false, "delivered_date": null, "rating": null, "shipped_at": null, "out_for_delivery_at": null, "return_requested": false, "return_reason": null, "return_comment": null, "return_status": "pending", "return_expected_date": null, "stock_reduced": true}}, {"model": "core.order", "pk": 33, "fields": {"user": 1, "product": 55, "shipping_address": 4, "quantity": 1, "total_price": 15839.1, "payment_method": "cod", "color": "Black", "status": "Pending", "ordered_at": "2025-10-16T05:33:09.509Z", "order_confirmed": true, "shipped": false, "out_for_delivery": false, "delivered_date": null, "rating": 4.0, "shipped_at": null, "out_for_delivery_at": null, "return_requested": false, "return_reason": null, "return_comment": null, "return_status": "pending", "return_expected_date": null, "stock_reduced": true}}, {"model": "core.order", "pk": 34, "fields": {"user": 1, "product": 64, "shipping_address": 4, "quantity": 1, "total_price": 57459.15, "payment_method": "cod", "color": "Cyan", "status": "Pending", "ordered_at": "2025-10-16T09:30:56.622Z", "order_confirmed": true, "shipped": false, "out_for_delivery": false, "delivered_date": null, "rating": 4.0, "shipped_at": null, "out_for_delivery_at": null, "return_requested": false, "return_reason": null, "return_comment": null, "return_status": "pending", "return_expected_date": null, "stock_reduced": true}}, {"model": "core.order", "pk": 35, "fields": {"user": 2, "product": 23, "shipping_address": 5, "quantity": 1, "total_price": 41088.6, "payment_method": "cod", "color": "Black", "status": "Pending", "ordered_at": "2025-10-30T08:01:20.546Z", "order_confirmed": true, "shipped": false, "out_for_delivery": false, "delivered_date": null, "rating": null, "shipped_at": null, "out_for_delivery_at": null, "return_requested": false, "return_reason": null, "return_comment": null, "return_status": "pending", "return_expected_date": null, "stock_reduced": true}}, {"model": "core.order", "pk": 36, "fields": {"user": 2, "product": 66, "shipping_address": 5, "quantity": 1, "total_price": 41250.0, "payment_method": "cod", "color": "White", "status": "Pending", "ordered_at": "2025-10-30T08:02:00.034Z", "order_confirmed": true, "shipped": true, "out_for_delivery": true, "delivered_date": "2025-11-04", "rating": 3.0, "shipped_at": "2025-11-03T10:44:05.874Z", "out_for_delivery_at": "2025-11-03T10:44:05.874Z", "return_requested": true, "return_reason": "Product damaged", "return_comment": " Product damaged", "return_status": "accepted", "return_expected_date": "2025-11-12", "stock_reduced": true}}, {"model": "core.order", "pk": 37, "fields": {"user": 2, "product": 29, "shipping_address": 5, "quantity": 3, "total_price": 2137.5, "payment_method": "cod", "color": "Black", "status": "Pending", "ordered_at": "2025-11-01T08:08:27.479Z", "order_confirmed": true, "shipped": false, "out_for_delivery": false, "delivered_date": null, "rating": null, "shipped_at": null, "out_for_delivery_at": null, "return_requested": false, "return_reason": null, "return_comment": null, "return_status": "pending", "return_expected_date": null, "stock_reduced": false}}, {"model": "core.order", "pk": 38, "fields": {"user": 2, "product": 42, "shipping_address": 5, "quantity": 1, "total_price": 47514.15, "payment_method": "cod", "color": "Blue", "status": "Pending", "ordered_at": "2025-11-01T08:09:24.979Z", "order_confirmed": true, "shipped": false, "out_for_delivery": false, "delivered_date": null, "rating": null, "shipped_at": null, "out_for_delivery_at": null, "return_requested": false, "return_reason": null, "return_comment": null, "return_status": "pending", "return_expected_date": null, "stock_reduced": true}}, {"model": "core.order", "pk": 39, "fields": {"user": 2, "product": 4, "shipping_address": 5, "quantity": 3, "total_price": 53999.2, "payment_method": "cod", "color": "Black", "status": "Pending", "ordered_at": "2025-11-01T08:19:03.987Z", "order_confirmed": true, "shipped": false, "out_for_delivery": false, "delivered_date": null, "rating": null, "shipped_at": null, "out_for_delivery_at": null, "return_requested": false, "return_reason": null, "return_comment": null, "return_status": "pending", "return_expected_date": null, "stock_reduced": false}}, {"model": "core.order", "pk": 40, "fields": {"user": 2, "product": 25, "shipping_address": 5, "quantity": 1, "total_price": 68939.1, "payment_method": "cod", "color": "White", "status": "Pending", "ordered_at": "2025-11-01T08:19:24.330Z", "order_confirmed": true, "shipped": false, "out_for_delivery": false, "delivered_date": null, "rating": null, "shipped_at": null, "out_for_delivery_at": null, "return_requested": false, "return_reason": null, "return_comment": null, "return_status": "pending", "return_expected_date": null, "stock_reduced": true}}, {"model": "core.order", "pk": 41, "fields": {"user": 2, "product": 41, "shipping_address": 5, "quantity": 1, "total_price": 47514.15, "payment_method": "cod", "color": "Blue", "status": "Pending", "ordered_at": "2025-11-01T08:22:19.521Z", "order_confirmed": true, "shipped": false, "out_for_delivery": false, "delivered_date": null, "rating": null, "shipped_at": null, "out_for_delivery_at": null, "return_requested": false, "return_reason": null, "return_comment": null, "return_status": "pending", "return_expected_date": null, "stock_reduced": true}}, {"model": "core.order", "pk": 42, "fields": {"user": 2, "product": 42, "shipping_address": 5, "quantity": 1, "total_price": 47514.15, "payment_method": "cod", "color": "Blue", "status": "Pending", "ordered_at": "2025-11-01T08:27:06.353Z", "order_confirmed": true, "shipped": false, "out_for_delivery": false, "delivered_date": null, "rating": null, "shipped_at": null, "out_for_delivery_at": null, "return_requested": false, "return_reason": null, "return_comment": null, "return_status": "pending", "return_expected_date": null, "stock_reduced": true}}, {"model": "core.order", "pk": 43, "fields": {"user": 2, "product": 21, "shipping_address": 5, "quantity": 1, "total_price": 16199.1, "payment_method": "cod", "color": "Black", "status": "Pending", "ordered_at": "2025-11-03T06:20:59.381Z", "order_confirmed": true, "shipped": false, "out_for_delivery": false, "delivered_date": null, "rating": null, "shipped_at": null, "out_for_delivery_at": null, "return_requested": false, "return_reason": null, "return_comment": null, "return_status": "pending", "return_expected_date": null, "stock_reduced": true}}]